{"bufferingEventsCount":1,"totalBufferingTime":1.9166138172149658,"meanTimeBuffering":1.9166138172149658,"totalPlaytime":589.2487621307373,"meanTimeBetweenBuffering":589.2487621307373,"resolutionChangeCount":7,"resolutionTimes":[0.0,0.0,9.269573211669922,579.9791889190674]}